[{"descricao":"TAREFA TESTE 1","responsavel":"Débora Tayná dtayna.3194@gmail.com","prazo":"09/09/2021","prioridade":"alta","conclusao":"","feita":0},{"descricao":"ESCREVER RELATÓRIO WEB","responsavel":"Débora Tayná dtayna.3194@gmail.com","prazo":"09/09/2021","prioridade":"alta","conclusao":"","feita":0},{"descricao":"TAREFA TESTE 3","responsavel":"João joao@gmail.com","prazo":"15/09/2021","prioridade":"baixa","conclusao":"09/09/2021","feita":1},{"descricao":"APRESENTAÇÃO 2","responsavel":"João joao@gmail.com","prazo":"28/09/2021","prioridade":"media","conclusao":"09/09/2021","feita":1},{"descricao":"TAREFA","responsavel":"Débora Tayná dtayna.3194@gmail.com","prazo":"02/09/2021","prioridade":"alta","conclusao":"09/09/2021","feita":1},{"descricao":"TAREFA TESTE","responsavel":"Débora Tayná dtayna.3194@gmail.com","prazo":"29/09/2021","prioridade":"media","conclusao":"09/09/2021","feita":1}]